<?xml version="1.0" standalone="no"?>
<!DOCTYPE entity PUBLIC "-//UC Berkeley//DTD MoML 1//EN"
    "http://ptolemy.eecs.berkeley.edu/xml/dtd/MoML_1.dtd">
<entity name="model_file" class="ptolemy.actor.TypedCompositeActor">
    <property name="_createdBy" class="ptolemy.kernel.attributes.VersionAttribute" value="11.0.1">
    </property>
    <property name="_windowProperties" class="ptolemy.actor.gui.WindowPropertiesAttribute" value="{bounds={-11, -11, 1942, 1030}, maximized=true}">
    </property>
    <property name="_vergilSize" class="ptolemy.actor.gui.SizeAttribute" value="[1703, 884]">
    </property>
    <property name="_vergilZoomFactor" class="ptolemy.data.expr.ExpertParameter" value="1.0">
    </property>
    <property name="_vergilCenter" class="ptolemy.data.expr.ExpertParameter" value="{841.5, 432.0}">
    </property>
    <property name="Simulation_Timer" class="ptolemy.domains.continuous.kernel.ContinuousDirector">
        <property name="startTime" class="ptolemy.data.expr.Parameter" value="0">
        </property>
        <property name="stopTime" class="ptolemy.data.expr.Parameter" value="100">
        </property>
        <property name="_location" class="ptolemy.kernel.util.Location" value="{105, 100}">
        </property>
    </property>
    <entity name="Main_Model" class="ptolemy.domains.modal.modal.ModalModel">
        <property name="_tableauFactory" class="ptolemy.vergil.modal.modal.ModalTableauFactory">
        </property>
        <property name="_location" class="ptolemy.kernel.util.Location" value="{365, 340}">
        </property>
        <port name="tank1_water_level" class="ptolemy.domains.modal.modal.ModalPort">
            <property name="input"/>
            <property name="_showName" class="ptolemy.data.expr.SingletonParameter" value="true">
            </property>
        </port>
        <port name="tank2_water_level" class="ptolemy.domains.modal.modal.ModalPort">
            <property name="input"/>
            <property name="_showName" class="ptolemy.data.expr.SingletonParameter" value="true">
            </property>
        </port>
        <port name="flow_tank_1" class="ptolemy.domains.modal.modal.ModalPort">
            <property name="output"/>
            <property name="_showName" class="ptolemy.data.expr.SingletonParameter" value="true">
            </property>
        </port>
        <port name="flow_tank_2" class="ptolemy.domains.modal.modal.ModalPort">
            <property name="output"/>
            <property name="_showName" class="ptolemy.data.expr.SingletonParameter" value="true">
            </property>
        </port>
        <entity name="_Controller" class="ptolemy.domains.modal.modal.ModalController">
            <property name="annotation" class="ptolemy.kernel.util.Attribute">
                <property name="_hideName" class="ptolemy.kernel.util.SingletonAttribute">
                </property>
                <property name="_iconDescription" class="ptolemy.kernel.util.SingletonConfigurableAttribute">
                    <configure><svg><text x="20" y="20" style="font-size:14; font-family:SansSerif; fill:blue">Create a state machine here (and ports, if needed) and
create refinements for the states.  Create transitions
by holding the (Mac: command key, Windows: control key)
and dragging from one state to another.  
Right click to configure the properties 
of this model, including setting the final state(s).
Then delete this annotation.</text>
    </svg></configure>
                </property>
                <property name="_location" class="ptolemy.kernel.util.Location" value="120.0, 5.0">
                </property>
                <property name="_controllerFactory" class="ptolemy.vergil.basic.NodeControllerFactory">
                </property>
                <property name="_editorFactory" class="ptolemy.vergil.toolbox.AnnotationEditorFactory">
                </property>
            </property>
            <property name="_library" class="ptolemy.moml.LibraryAttribute">
                <configure>
      <entity name="state library" class="ptolemy.kernel.CompositeEntity"><input source="ptolemy/configs/basicUtilities.xml"></input><entity name="state" class="ptolemy.domains.modal.kernel.State"><property name="_centerName" class="ptolemy.kernel.util.Attribute"></property><property name="_controllerFactory" class="ptolemy.vergil.modal.modal.HierarchicalStateControllerFactory"></property></entity></entity>
    </configure>
            </property>
            <property name="_windowProperties" class="ptolemy.actor.gui.WindowPropertiesAttribute" value="{bounds={-11, -11, 1942, 1030}, maximized=true}">
            </property>
            <property name="_vergilSize" class="ptolemy.actor.gui.SizeAttribute" value="[1703, 884]">
            </property>
            <property name="_vergilZoomFactor" class="ptolemy.data.expr.ExpertParameter" value="1.0">
            </property>
            <property name="_vergilCenter" class="ptolemy.data.expr.ExpertParameter" value="{365.0, 340.0}">
            </property>
            <port name="tank1_water_level" class="ptolemy.domains.modal.modal.RefinementPort">
                <property name="input"/>
                <property name="defaultValue" class="ptolemy.data.expr.Parameter" value="">
                </property>
                <property name="_location" class="ptolemy.kernel.util.Location" value="[110.0, 205.0]">
                </property>
            </port>
            <port name="tank2_water_level" class="ptolemy.domains.modal.modal.RefinementPort">
                <property name="input"/>
                <property name="defaultValue" class="ptolemy.data.expr.Parameter" value="">
                </property>
                <property name="_location" class="ptolemy.kernel.util.Location" value="{115.0, 435.0}">
                </property>
            </port>
            <port name="flow_tank_1" class="ptolemy.domains.modal.modal.RefinementPort">
                <property name="input"/>
                <property name="output"/>
                <property name="defaultValue" class="ptolemy.data.expr.Parameter" value="">
                </property>
                <property name="_location" class="ptolemy.kernel.util.Location" value="[600.0, 195.0]">
                </property>
            </port>
            <port name="flow_tank_2" class="ptolemy.domains.modal.modal.RefinementPort">
                <property name="input"/>
                <property name="output"/>
                <property name="defaultValue" class="ptolemy.data.expr.Parameter" value="">
                </property>
                <property name="_location" class="ptolemy.kernel.util.Location" value="[610.0, 435.0]">
                </property>
            </port>
            <entity name="state1" class="ptolemy.domains.modal.kernel.State">
                <property name="refinementName" class="ptolemy.kernel.util.StringAttribute" value="state">
                </property>
                <property name="isInitialState" class="ptolemy.data.expr.Parameter" value="false">
                </property>
                <property name="_controllerFactory" class="ptolemy.vergil.modal.modal.HierarchicalStateControllerFactory">
                </property>
                <property name="_location" class="ptolemy.kernel.util.Location" value="[235.0, 305.0]">
                </property>
                <property name="_hideName" class="ptolemy.data.expr.SingletonParameter" value="true">
                </property>
            </entity>
            <entity name="state2" class="ptolemy.domains.modal.kernel.State">
                <property name="refinementName" class="ptolemy.kernel.util.StringAttribute" value="state2">
                </property>
                <property name="isInitialState" class="ptolemy.data.expr.Parameter" value="true">
                </property>
                <property name="_controllerFactory" class="ptolemy.vergil.modal.modal.HierarchicalStateControllerFactory">
                </property>
                <property name="_location" class="ptolemy.kernel.util.Location" value="[375.0, 305.0]">
                </property>
                <property name="_hideName" class="ptolemy.data.expr.SingletonParameter" value="true">
                </property>
            </entity>
            <relation name="relation" class="ptolemy.domains.modal.kernel.Transition">
                <property name="guardExpression" class="ptolemy.kernel.util.StringAttribute" value="tank2_water_level&lt;=0">
                </property>
                <property name="exitAngle" class="ptolemy.data.expr.Parameter" value="0.6283185307179586">
                </property>
                <property name="gamma" class="ptolemy.data.expr.Parameter" value="0.0685295153382141">
                </property>
            </relation>
            <relation name="relation2" class="ptolemy.domains.modal.kernel.Transition">
                <property name="guardExpression" class="ptolemy.kernel.util.StringAttribute" value="tank1_water_level&lt;=0">
                </property>
                <property name="exitAngle" class="ptolemy.data.expr.Parameter" value="0.6283185307179586">
                </property>
                <property name="gamma" class="ptolemy.data.expr.Parameter" value="3.141592653589793">
                </property>
            </relation>
            <link port="state1.incomingPort" relation="relation2"/>
            <link port="state1.outgoingPort" relation="relation"/>
            <link port="state2.incomingPort" relation="relation"/>
            <link port="state2.outgoingPort" relation="relation2"/>
        </entity>
        <entity name="state" class="ptolemy.domains.modal.modal.Refinement">
            <property name="Continuous Director" class="ptolemy.domains.continuous.kernel.ContinuousDirector">
                <property name="startTime" class="ptolemy.data.expr.Parameter" value="0">
                </property>
                <property name="stopTime" class="ptolemy.data.expr.Parameter" value="100">
                </property>
                <property name="_location" class="ptolemy.kernel.util.Location" value="{70, 50}">
                </property>
            </property>
            <property name="_windowProperties" class="ptolemy.actor.gui.WindowPropertiesAttribute" value="{bounds={-11, -11, 1942, 1030}, maximized=true}">
            </property>
            <property name="_vergilSize" class="ptolemy.actor.gui.SizeAttribute" value="[1703, 884]">
            </property>
            <property name="_vergilZoomFactor" class="ptolemy.data.expr.ExpertParameter" value="1.0">
            </property>
            <property name="_vergilCenter" class="ptolemy.data.expr.ExpertParameter" value="{853.5, 439.125}">
            </property>
            <port name="tank1_water_level" class="ptolemy.domains.modal.modal.RefinementPort">
                <property name="input"/>
                <property name="defaultValue" class="ptolemy.data.expr.Parameter" value="">
                </property>
                <property name="_location" class="ptolemy.kernel.util.Location" value="[110.0, 205.0]">
                </property>
            </port>
            <port name="tank2_water_level" class="ptolemy.domains.modal.modal.RefinementPort">
                <property name="input"/>
                <property name="defaultValue" class="ptolemy.data.expr.Parameter" value="">
                </property>
                <property name="_location" class="ptolemy.kernel.util.Location" value="[105.0, 460.0]">
                </property>
            </port>
            <port name="flow_tank_1" class="ptolemy.domains.modal.modal.RefinementPort">
                <property name="output"/>
                <property name="defaultValue" class="ptolemy.data.expr.Parameter" value="">
                </property>
                <property name="_location" class="ptolemy.kernel.util.Location" value="[600.0, 195.0]">
                </property>
            </port>
            <port name="flow_tank_2" class="ptolemy.domains.modal.modal.RefinementPort">
                <property name="output"/>
                <property name="defaultValue" class="ptolemy.data.expr.Parameter" value="">
                </property>
                <property name="_location" class="ptolemy.kernel.util.Location" value="[610.0, 435.0]">
                </property>
            </port>
            <entity name="Const" class="ptolemy.actor.lib.Const">
                <property name="value" class="ptolemy.data.expr.Parameter" value="0.25">
                </property>
                <doc>Create a constant sequence.</doc>
                <property name="_icon" class="ptolemy.vergil.icon.BoxedValueIcon">
                    <property name="attributeName" class="ptolemy.kernel.util.StringAttribute" value="value">
                    </property>
                    <property name="displayWidth" class="ptolemy.data.expr.Parameter" value="60">
                    </property>
                </property>
                <property name="_location" class="ptolemy.kernel.util.Location" value="{300, 230}">
                </property>
            </entity>
            <entity name="Const3" class="ptolemy.actor.lib.Const">
                <property name="value" class="ptolemy.data.expr.Parameter" value="-0.5">
                </property>
                <doc>Create a constant sequence.</doc>
                <property name="_icon" class="ptolemy.vergil.icon.BoxedValueIcon">
                    <property name="attributeName" class="ptolemy.kernel.util.StringAttribute" value="value">
                    </property>
                    <property name="displayWidth" class="ptolemy.data.expr.Parameter" value="60">
                    </property>
                </property>
                <property name="_location" class="ptolemy.kernel.util.Location" value="[305.0, 460.0]">
                </property>
            </entity>
            <relation name="relation2" class="ptolemy.actor.TypedIORelation">
            </relation>
            <relation name="relation3" class="ptolemy.actor.TypedIORelation">
            </relation>
            <link port="flow_tank_1" relation="relation3"/>
            <link port="flow_tank_2" relation="relation2"/>
            <link port="Const.output" relation="relation3"/>
            <link port="Const3.output" relation="relation2"/>
        </entity>
        <entity name="state2" class="ptolemy.domains.modal.modal.Refinement">
            <property name="Continuous Director" class="ptolemy.domains.continuous.kernel.ContinuousDirector">
                <property name="startTime" class="ptolemy.data.expr.Parameter" value="0">
                </property>
                <property name="stopTime" class="ptolemy.data.expr.Parameter" value="100">
                </property>
                <property name="_location" class="ptolemy.kernel.util.Location" value="{90, 45}">
                </property>
            </property>
            <property name="_windowProperties" class="ptolemy.actor.gui.WindowPropertiesAttribute" value="{bounds={-11, -11, 1942, 1030}, maximized=true}">
            </property>
            <property name="_vergilSize" class="ptolemy.actor.gui.SizeAttribute" value="[1703, 884]">
            </property>
            <property name="_vergilZoomFactor" class="ptolemy.data.expr.ExpertParameter" value="1.0">
            </property>
            <property name="_vergilCenter" class="ptolemy.data.expr.ExpertParameter" value="{853.5, 439.125}">
            </property>
            <port name="tank1_water_level" class="ptolemy.domains.modal.modal.RefinementPort">
                <property name="input"/>
                <property name="defaultValue" class="ptolemy.data.expr.Parameter" value="">
                </property>
                <property name="_location" class="ptolemy.kernel.util.Location" value="[110.0, 205.0]">
                </property>
            </port>
            <port name="tank2_water_level" class="ptolemy.domains.modal.modal.RefinementPort">
                <property name="input"/>
                <property name="defaultValue" class="ptolemy.data.expr.Parameter" value="">
                </property>
                <property name="_location" class="ptolemy.kernel.util.Location" value="{115.0, 435.0}">
                </property>
            </port>
            <port name="flow_tank_1" class="ptolemy.domains.modal.modal.RefinementPort">
                <property name="output"/>
                <property name="defaultValue" class="ptolemy.data.expr.Parameter" value="">
                </property>
                <property name="_location" class="ptolemy.kernel.util.Location" value="[600.0, 195.0]">
                </property>
            </port>
            <port name="flow_tank_2" class="ptolemy.domains.modal.modal.RefinementPort">
                <property name="output"/>
                <property name="defaultValue" class="ptolemy.data.expr.Parameter" value="">
                </property>
                <property name="_location" class="ptolemy.kernel.util.Location" value="[610.0, 435.0]">
                </property>
            </port>
            <entity name="Const" class="ptolemy.actor.lib.Const">
                <property name="value" class="ptolemy.data.expr.Parameter" value="-0.5">
                </property>
                <doc>Create a constant sequence.</doc>
                <property name="_icon" class="ptolemy.vergil.icon.BoxedValueIcon">
                    <property name="attributeName" class="ptolemy.kernel.util.StringAttribute" value="value">
                    </property>
                    <property name="displayWidth" class="ptolemy.data.expr.Parameter" value="60">
                    </property>
                </property>
                <property name="_location" class="ptolemy.kernel.util.Location" value="{315, 225}">
                </property>
            </entity>
            <entity name="Const2" class="ptolemy.actor.lib.Const">
                <property name="value" class="ptolemy.data.expr.Parameter" value="0.25">
                </property>
                <doc>Create a constant sequence.</doc>
                <property name="_icon" class="ptolemy.vergil.icon.BoxedValueIcon">
                    <property name="attributeName" class="ptolemy.kernel.util.StringAttribute" value="value">
                    </property>
                    <property name="displayWidth" class="ptolemy.data.expr.Parameter" value="60">
                    </property>
                </property>
                <property name="_location" class="ptolemy.kernel.util.Location" value="[315.0, 375.0]">
                </property>
            </entity>
            <relation name="relation2" class="ptolemy.actor.TypedIORelation">
            </relation>
            <relation name="relation" class="ptolemy.actor.TypedIORelation">
            </relation>
            <link port="flow_tank_1" relation="relation2"/>
            <link port="flow_tank_2" relation="relation"/>
            <link port="Const.output" relation="relation2"/>
            <link port="Const2.output" relation="relation"/>
        </entity>
        <relation name="tank1_water_levelRelation" class="ptolemy.actor.TypedIORelation">
            <property name="width" class="ptolemy.data.expr.Parameter" value="Auto">
            </property>
        </relation>
        <relation name="tank2_water_levelRelation" class="ptolemy.actor.TypedIORelation">
            <property name="width" class="ptolemy.data.expr.Parameter" value="Auto">
            </property>
        </relation>
        <relation name="flow_tank_1Relation" class="ptolemy.actor.TypedIORelation">
            <property name="width" class="ptolemy.data.expr.Parameter" value="Auto">
            </property>
        </relation>
        <relation name="flow_tank_2Relation" class="ptolemy.actor.TypedIORelation">
            <property name="width" class="ptolemy.data.expr.Parameter" value="Auto">
            </property>
        </relation>
        <link port="tank1_water_level" relation="tank1_water_levelRelation"/>
        <link port="tank2_water_level" relation="tank2_water_levelRelation"/>
        <link port="flow_tank_1" relation="flow_tank_1Relation"/>
        <link port="flow_tank_2" relation="flow_tank_2Relation"/>
        <link port="_Controller.tank1_water_level" relation="tank1_water_levelRelation"/>
        <link port="_Controller.tank2_water_level" relation="tank2_water_levelRelation"/>
        <link port="_Controller.flow_tank_1" relation="flow_tank_1Relation"/>
        <link port="_Controller.flow_tank_2" relation="flow_tank_2Relation"/>
        <link port="state.tank1_water_level" relation="tank1_water_levelRelation"/>
        <link port="state.tank2_water_level" relation="tank2_water_levelRelation"/>
        <link port="state.flow_tank_1" relation="flow_tank_1Relation"/>
        <link port="state.flow_tank_2" relation="flow_tank_2Relation"/>
        <link port="state2.tank1_water_level" relation="tank1_water_levelRelation"/>
        <link port="state2.tank2_water_level" relation="tank2_water_levelRelation"/>
        <link port="state2.flow_tank_1" relation="flow_tank_1Relation"/>
        <link port="state2.flow_tank_2" relation="flow_tank_2Relation"/>
    </entity>
    <entity name="Tank1_flow_integrator" class="ptolemy.domains.continuous.lib.Integrator">
        <property name="initialState" class="ptolemy.actor.parameters.PortParameter" value="0">
        </property>
        <property name="_location" class="ptolemy.kernel.util.Location" value="[600.0, 200.0]">
        </property>
    </entity>
    <entity name="Tank2_flow_integrator" class="ptolemy.domains.continuous.lib.Integrator">
        <property name="initialState" class="ptolemy.actor.parameters.PortParameter" value="1">
        </property>
        <property name="_location" class="ptolemy.kernel.util.Location" value="[615.0, 505.0]">
        </property>
    </entity>
    <entity name="TimedPlotter" class="ptolemy.actor.lib.gui.TimedPlotter">
        <property name="automaticRescale" class="ptolemy.data.expr.Parameter" value="true">
        </property>
        <property name="legend" class="ptolemy.kernel.util.StringAttribute" value="water_tank_1,water_tank_2">
        </property>
        <property name="_windowProperties" class="ptolemy.actor.gui.WindowPropertiesAttribute" value="{bounds={-11, -11, 1942, 1030}, maximized=true}">
        </property>
        <property name="_plotSize" class="ptolemy.actor.gui.SizeAttribute" value="[1920, 943]">
        </property>
        <property name="_location" class="ptolemy.kernel.util.Location" value="[1215.0, 295.0]">
        </property>
        <configure>
<?plotml <!DOCTYPE plot PUBLIC "-//UC Berkeley//DTD PlotML 1//EN"
"http://ptolemy.eecs.berkeley.edu/xml/dtd/PlotML_1.dtd">
<plot>
<title>TimedPlotter</title>
<xLabel></xLabel>
<yLabel></yLabel>
<xRange min="0.0" max="7.997869873200001"/>
<yRange min="-5.000000000000013E-5" max="1.0"/>
<default lineStyles="yes" stems="yes"/>
</plot>?>
        </configure>
    </entity>
    <relation name="relation" class="ptolemy.actor.TypedIORelation">
        <vertex name="vertex1" value="[885.0, 95.0]">
        </vertex>
    </relation>
    <relation name="relation2" class="ptolemy.actor.TypedIORelation">
        <vertex name="vertex1" value="[905.0, 620.0]">
        </vertex>
    </relation>
    <relation name="relation3" class="ptolemy.actor.TypedIORelation">
    </relation>
    <relation name="relation4" class="ptolemy.actor.TypedIORelation">
    </relation>
    <link port="Main_Model.tank1_water_level" relation="relation"/>
    <link port="Main_Model.tank2_water_level" relation="relation2"/>
    <link port="Main_Model.flow_tank_1" relation="relation3"/>
    <link port="Main_Model.flow_tank_2" relation="relation4"/>
    <link port="Tank1_flow_integrator.derivative" relation="relation3"/>
    <link port="Tank1_flow_integrator.state" relation="relation"/>
    <link port="Tank2_flow_integrator.derivative" relation="relation4"/>
    <link port="Tank2_flow_integrator.state" relation="relation2"/>
    <link port="TimedPlotter.input" relation="relation"/>
    <link port="TimedPlotter.input" relation="relation2"/>
</entity>
